platform,clip_start,clip_end,vendor_type,hook,cta,caption_seed,hashtags,thumbnail_text
Instagram Reels,00:04:03,00:04:22,Marketing,How tow shops turn social + ads into ringing phones,DM 'MARKETING' for the playbook,"Digital marketing that actually makes tow phones ring: websites, social, reputation, and paid ads.",#TowingBusiness #DigitalMarketing #LeadGeneration #TowShow,Make Phones Ring
YouTube Shorts,00:05:27,00:05:42,Lead Gen,California tow lead pricing: 22/33/44 explained,Comment 'LEADS' for details,Simple pricing tiers for California tow leads and who qualifies.,#TowLeads #CaliforniaTowing #B2BMarketing #TowingIndustry,Lead Pricing 22/33/44
LinkedIn,00:18:08,00:18:20,Marketing,Generate more work from live events,Visit heavydutyhelp.com,Live event networking can become a predictable job pipeline when you publish correctly.,#FieldMarketing #Towing #B2BSales #DemandGen,More Work From Events
TikTok,00:40:06,00:40:29,EV Rescue,EV rescue network launch offer,Sign up while free,New network model for EV rescue with early sign-up incentives.,#EVRescue #RoadsideAssistance #StartupLaunch #Towing,EV Rescue Launch
YouTube Shorts,00:42:46,00:43:14,Marketing,$12K recurring with content-first local SEO,Follow for full framework,Local content + podcast clips can compound into recurring service revenue.,#LocalSEO #RecurringRevenue #SmallBusiness #Towing,$12K Recurring
Instagram Reels,00:43:36,00:43:50,AI Workflow,Make 15 shorts from one video,DM 'SHORTS' for workflow,Using AI agents to atomize one long video into many short clips.,#AIWorkflow #ContentRepurposing #ShortFormVideo #CreatorTools,15 Shorts From 1 Video
LinkedIn,00:21:22,00:21:34,Insurance,Tow insurance basics in 12 seconds,Get a coverage review,Property and casualty essentials for towing operators.,#TowInsurance #RiskManagement #CommercialInsurance #Towing,Tow Insurance Basics
Instagram Reels,00:28:15,00:28:38,Insurance,Built 70+ tow clients: specialist intro,Book a quick consult,Why niche insurance specialization matters in towing.,#InsuranceBroker #TowingBusiness #CommercialInsurance #Fleet,70+ Tow Clients
TikTok,00:35:53,00:36:18,Insurance,Commercial + trucking insurance quick CTA,Call now for quote,Independent brokerage positioning for tow and trucking policies.,#TruckingInsurance #TowTruckInsurance #Broker #BusinessTips,Commercial + Trucking
YouTube Shorts,00:44:07,00:44:23,Insurance,Tow Insurance Pros booth CTA,Visit booth / call now,Short expo-floor pitch with direct contact CTA.,#TowShow #Insurance #LeadCapture #B2B,Booth CTA
LinkedIn,00:44:53,00:45:16,Insurance,Real tow insurance problems operators face,Ask us your toughest case,Coverage pain points and solution-oriented consulting.,#InsuranceAdvice #TowOperators #Risk #Claims,Real Insurance Problems
Instagram Reels,00:45:16,00:45:37,Insurance,Multi-state specialty coverage in one pitch,Check eligibility by state,How a specialty team supports operators across multiple states.,#MultiState #TowInsurance #BusinessProtection #FleetManagement,Multi-State Coverage
YouTube Shorts,00:19:44,00:20:06,Software,Early-mover advantage in towing software,Book a demo,Operational edge for shops adopting software before competitors.,#TowTech #SaaS #Operations #Towing,Early-Mover Advantage
LinkedIn,00:22:26,00:22:45,Software,Permits + LPR + tow systems in one stack,Request platform walkthrough,"One vendor stack for parking, permits, and towing workflows.",#PropTech #LPR #ParkingTech #Towing,"One Stack, Many Ops"
YouTube Shorts,00:24:48,00:25:18,Compliance,Avoid SCRA fines during lien sale/auction,Audit your compliance flow,Compliance checkpoints to reduce legal risk in auction processes.,#Compliance #SCRA #LienSale #Auction,Avoid SCRA Fines
Instagram Reels,00:27:19,00:27:26,Parking Tech,Digital parking permits vs stickers,Try digital permits,Fast explainer on replacing physical permits with digital.,#ParkingTech #DigitalTransformation #Multifamily #PropManagement,No More Stickers
TikTok,00:32:31,00:32:44,AI Dispatch,AI dispatch with 75K+ tows,Start free trial,Proof-point positioning with dispatch volume and simple offer.,#AIDispatch #TowSoftware #Automation #FleetOps,75K+ Tows Dispatched
LinkedIn,00:33:29,00:33:52,Lien Software,Modern lien sale software for California tow ops,See California workflow demo,Integration-led workflow improvements for lien-sale processing.,#LegalTech #TowOps #CaliforniaBusiness #WorkflowAutomation,Modernize Lien Sales
Instagram Reels,00:03:41,00:03:51,Equipment,Stinger wheel lift add-on demo,Visit product page,Quick product demo: stinger attachment for compact equipment.,#TowEquipment #ProductDemo #RecoveryTools #Expo,Stinger Add-On Demo
YouTube Shorts,00:18:54,00:19:07,Fleet Tech,Dashcams + GPS can lower fleet costs,Stop by booth H100,Cost-saving positioning with safety + telematics stack.,#Telematics #FleetManagement #Dashcam #GPS,Lower Fleet Costs
TikTok,00:20:41,00:21:02,Recovery Gear,Original 8-point tie-down story,Shop straps and rigging,Brand heritage angle around a known tie-down system.,#RecoveryGear #TowTrucks #Rigging #Automotive,8-Point Tie-Down
Instagram Reels,00:30:11,00:30:40,Jump Starters,12V/24V jump starters + air compressor combo,See full lineup,Feature-led walkthrough of heavy-duty jump starter products.,#JumpStarter #RoadsideTools #AutomotiveGear #Towing,Heavy-Duty Jumpers
LinkedIn,00:37:00,00:37:40,Radio Comms,Radio network that roams automatically,Request coverage map,Coverage and uptime messaging for regional fleet comms.,#TwoWayRadio #FleetComms #CriticalComms #Towing,Auto-Roaming Radio
YouTube Shorts,00:39:08,00:39:36,PTT Hardware,PTT radios using 3 major carriers,Call for live demo,Reliability hook: multi-carrier redundancy + human support.,#PushToTalk #CarrierRedundancy #FleetTech #Radio,3-Carrier PTT
